-- =========================================================
-- Thuiswijn. — seed data (POC): De Librije, Zarzo, Zoldering
-- Uitvoeren NA schema.sql, in de Supabase SQL editor
-- =========================================================

insert into restaurants (id, name, city, michelin_stars, tagline, sommeliers, website_url, wine_list_url) values
  ('librije', 'De Librije', 'Zwolle', 3, 'Klassieke haute cuisine met wekelijkse wijn-spijs degustaties.', 'Thérèse Boer, Sem Beks', 'https://www.librije.com', 'https://www.librije.com/eten/wijnkaart/'),
  ('zarzo', 'Zarzo', 'Eindhoven', 1, 'Spaans-geïnspireerde keuken, kelder van ca. 3.500 referenties.', 'Adrian Zarzo', 'https://zarzo.nl', 'https://zarzo.nl/wijnen/'),
  ('zoldering', 'Zoldering', 'Amsterdam', 1, 'Wijnbar-restaurant met twee wijnkaarten — laagdrempelig én ambitieus.', 'Job Seuren, Wout Jans, Joost Clarijs', 'https://www.zoldering.nl', 'https://zoekwijn.nl/amsterdam/zoldering-0GMIL');

insert into wines (id, producer, cuvee, grape, region, country, color) values
  ('roederer-cristal', 'Louis Roederer', 'Cristal', 'Chardonnay, Pinot Noir', 'Champagne', 'Frankrijk', 'mousserend'),
  ('krug-gc', 'Krug', 'Grande Cuvée', 'Pinot Noir, Chardonnay, Meunier', 'Champagne', 'Frankrijk', 'mousserend'),
  ('dom-perignon', 'Dom Pérignon', 'Vintage', 'Chardonnay, Pinot Noir', 'Champagne', 'Frankrijk', 'mousserend'),
  ('selosse-vo', 'Jacques Selosse', 'VO', 'Chardonnay', 'Champagne', 'Frankrijk', 'mousserend'),
  ('peters-chetillons', 'Pierre Péters', 'Les Chétillons', 'Chardonnay', 'Champagne', 'Frankrijk', 'mousserend'),
  ('loosen-graacher', 'Dr. Loosen', 'Graacher Himmelreich GG', 'Riesling', 'Mosel', 'Duitsland', 'wit'),
  ('donnhoff-hermannshole', 'Weingut Dönnhoff', 'Hermannshöle GG', 'Riesling', 'Nahe', 'Duitsland', 'wit'),
  ('keller-vonderfels', 'Klaus-Peter Keller', 'Von der Fels', 'Riesling', 'Rheinhessen', 'Duitsland', 'wit'),
  ('trimbach-clossthune', 'Domaine Trimbach', 'Clos St. Hune', 'Riesling', 'Alsace', 'Frankrijk', 'wit'),
  ('dagueneau-silex', 'Didier Dagueneau', 'Silex', 'Sauvignon Blanc', 'Loire — Pouilly-Fumé', 'Frankrijk', 'wit'),
  ('dauvissat-lesclos', 'Vincent Dauvissat', 'Chablis Grand Cru Les Clos', 'Chardonnay', 'Bourgogne', 'Frankrijk', 'wit'),
  ('leflaive-maconverze', 'Domaine Leflaive', 'Mâcon-Verzé', 'Chardonnay', 'Bourgogne', 'Frankrijk', 'wit'),
  ('yquem', 'Château d''Yquem', NULL, 'Semillon, Sauvignon Blanc', 'Sauternes, Bordeaux', 'Frankrijk', 'zoet'),
  ('roumier-chambollemusigny', 'Domaine G. Roumier', 'Chambolle-Musigny', 'Pinot Noir', 'Bourgogne', 'Frankrijk', 'rood'),
  ('mouton-rothschild', 'Château Mouton Rothschild', '1er Grand Cru Classé', 'Cabernet Sauvignon e.a.', 'Pauillac, Bordeaux', 'Frankrijk', 'rood'),
  ('lafite-rothschild', 'Château Lafite-Rothschild', '1er Grand Cru Classé', 'Cabernet Sauvignon e.a.', 'Pauillac, Bordeaux', 'Frankrijk', 'rood'),
  ('palmer-alterego', 'Château Palmer', 'Alter Ego', 'Cabernet Sauvignon, Merlot', 'Margaux, Bordeaux', 'Frankrijk', 'rood'),
  ('petrus', 'Petrus', NULL, 'Merlot', 'Pomerol, Bordeaux', 'Frankrijk', 'rood'),
  ('guigal-ampuis', 'Domaine E. Guigal', 'Côte-Rôtie ''Château d''Ampuis''', 'Syrah', 'Rhône', 'Frankrijk', 'rood'),
  ('mascarello-monprivato', 'Giuseppe Mascarello', 'Barolo ''Monprivato''', 'Nebbiolo', 'Piemonte', 'Italië', 'rood'),
  ('sassicaia', 'Tenuta San Guido', 'Sassicaia', 'Cabernet Sauvignon, Cabernet Franc', 'Bolgheri, Toscane', 'Italië', 'rood'),
  ('vega-sicilia-unico', 'Bodegas Vega Sicilia', 'Unico', 'Tempranillo', 'Ribera del Duero', 'Spanje', 'rood'),
  ('sadie-columella', 'Sadie Family Wines', 'Columella', 'Syrah, Mourvèdre e.a.', 'Swartland', 'Zuid-Afrika', 'rood'),
  ('penfolds-grange', 'Penfolds', 'Grange', 'Shiraz', 'South Australia', 'Australië', 'rood'),
  ('phelps-insignia', 'Joseph Phelps', 'Insignia', 'Cabernet Sauvignon e.a.', 'Napa Valley', 'Verenigde Staten', 'rood'),
  ('cotat-montsdamnes', 'Domaine François Cotat', 'Sancerre ''Les Monts Damnés''', 'Sauvignon Blanc', 'Loire', 'Frankrijk', 'wit'),
  ('lemoine-montrachet', 'Domaine Lucien Le Moine', 'Montrachet Grand Cru', 'Chardonnay', 'Bourgogne', 'Frankrijk', 'wit'),
  ('hautbrion-blanc', 'Château Haut-Brion', 'Blanc', 'Sémillon, Sauvignon Blanc', 'Pessac-Léognan, Bordeaux', 'Frankrijk', 'wit'),
  ('ostertag-muenchberg', 'Domaine Ostertag', 'Muenchberg', 'Riesling', 'Alsace', 'Frankrijk', 'wit'),
  ('ogier-condrieu', 'Stéphane Ogier', 'Condrieu ''Les Vieilles Vignes de Jacques Vernay''', 'Viognier', 'Rhône', 'Frankrijk', 'wit'),
  ('attis-ancestros', 'Bodegas y Viñedos Attis', 'Ancestros', 'Albariño', 'Rias Baixas', 'Spanje', 'wit'),
  ('abbatucci-ministre', 'Domaine Comte Abbatucci', 'Ministre ''Impérial''', 'Sciaccarellu e.a.', 'Corsica', 'Frankrijk', 'rood'),
  ('stephan-coterotie', 'Domaine Jean-Michel Stephan', 'Côte-Rôtie ''Coteaux de Bassenon''', 'Syrah', 'Rhône', 'Frankrijk', 'rood'),
  ('rinaldi-barbera', 'Giuseppe Rinaldi', 'Barbera d''Alba', 'Barbera', 'Piemonte', 'Italië', 'rood'),
  ('cantemerle', 'Château Cantemerle', '5e Grand Cru Classé', 'Cabernet Sauvignon, Merlot', 'Haut-Médoc, Bordeaux', 'Frankrijk', 'rood'),
  ('pallus-rougerie', 'Domaine de Pallus', 'Chinon ''Grand Vin de la Rougerie''', 'Cabernet Franc', 'Loire', 'Frankrijk', 'rood'),
  ('ligerbelair-moulinavent', 'Domaine Thibault Liger-Belair', 'Moulin-à-Vent ''Les Vieilles Vignes''', 'Gamay', 'Beaujolais', 'Frankrijk', 'rood'),
  ('brumont-montus', 'Alain Brumont', 'Château Montus', 'Tannat', 'Madiran', 'Frankrijk', 'rood'),
  ('valentini-cerasuolo', 'Valentini', 'Cerasuolo d''Abruzzo', 'Montepulciano', 'Abruzzo', 'Italië', 'rose'),
  ('zindhumbrecht-rangen', 'Domaine Zind Humbrecht', 'Clos Saint Urbain Rangen de Thann VT', 'Pinot Gris', 'Alsace', 'Frankrijk', 'zoet'),
  ('fonseca-vintage', 'Fonseca', 'Vintage Port', 'Touriga Nacional e.a.', 'Douro', 'Portugal', 'zoet'),
  ('bomdia-tawny', 'Bom Dia', 'Tawny Port', 'Touriga Nacional e.a.', 'Douro', 'Portugal', 'zoet'),
  ('baron-moscatel', 'Bodegas Baron', 'Moscatel Micaela', 'Moscatel', 'Jerez', 'Spanje', 'zoet'),
  ('terrasdosado-moscatel', 'Terras do Sado', 'Moscatel de Sétubal', 'Moscatel', 'Setúbal', 'Portugal', 'zoet'),
  ('desmenhirs-pommeau', 'Des Menhirs', 'Pommeau', 'Appel/Calvados', 'Bretagne', 'Frankrijk', 'zoet'),
  ('bernardins-muscat', 'Domaine des Bernardins', 'Muscat de Beaumes-de-Venise', 'Muscat', 'Rhône', 'Frankrijk', 'zoet'),
  ('keller-limestone', 'Keller', 'Riesling Limestone', 'Riesling', 'Rheinhessen', 'Duitsland', 'zoet'),
  ('grandemaison-monbazillac', 'Grande Maison', 'Cuvée du Château', 'Sémillon e.a.', 'Monbazillac', 'Frankrijk', 'zoet'),
  ('closuroulat-jurancon', 'Clos Uroulat', 'Jurançon (Magnum)', 'Petit Manseng', 'Jurançon', 'Frankrijk', 'zoet'),
  ('belliviere-jasnieres', 'Bellivière', 'Jasnières ''Les Rosiers''', 'Chenin Blanc', 'Loire', 'Frankrijk', 'zoet'),
  ('yquem-jeroboam', 'Château d''Yquem', 'Jeroboam 3L', 'Semillon, Sauvignon Blanc', 'Sauternes, Bordeaux', 'Frankrijk', 'zoet'),
  ('suduiraut-blancsec', 'De Suduiraut', 'Blanc Sec', 'Sémillon, Sauvignon Blanc', 'Bordeaux', 'Frankrijk', 'wit'),
  ('chidaine-montlouis', 'Chidaine', 'Montlouis-sur-Loire ''Bournais''', 'Chenin Blanc', 'Loire', 'Frankrijk', 'wit'),
  ('zarate-albarino', 'Zárate', 'Albariño ''Sal do Terra''', 'Albariño', 'Rias Baixas', 'Spanje', 'wit'),
  ('remelluri-blanco', 'Remelluri', 'Rioja Blanco', 'Viura e.a.', 'Rioja', 'Spanje', 'wit'),
  ('schaferfrohlich-felsenberg', 'Schäfer-Fröhlich', 'Riesling ''Felsenberg'' GG', 'Riesling', 'Nahe', 'Duitsland', 'wit'),
  ('karel-meursault', 'Karel de Graaf', 'Meursault ''Les Narvaux''', 'Chardonnay', 'Bourgogne', 'Frankrijk', 'wit'),
  ('sociandomallet', 'Sociando-Mallet', 'Haut-Médoc Cru Bourgeois', 'Cabernet Sauvignon, Merlot', 'Bordeaux', 'Frankrijk', 'rood'),
  ('fontodi-filetta', 'Fontodi', 'Chianti Classico ''Filetta di Lamole''', 'Sangiovese', 'Toscane', 'Italië', 'rood');

insert into restaurant_wines (restaurant_id, wine_id, vintage, price_bottle_eur, price_confidence, source_url) values
  ('librije', 'roederer-cristal', '2013', 525, 'verified', 'https://www.librije.com/eten/wijnkaart/'),
  ('librije', 'krug-gc', 'NV ''171ème Édition''', 425, 'verified', 'https://www.librije.com/eten/wijnkaart/'),
  ('librije', 'dom-perignon', '2013', 350, 'verified', 'https://www.librije.com/eten/wijnkaart/'),
  ('librije', 'selosse-vo', 'NV', 450, 'verified', 'https://www.librije.com/eten/wijnkaart/'),
  ('librije', 'peters-chetillons', '2014', 300, 'verified', 'https://www.librije.com/eten/wijnkaart/'),
  ('librije', 'loosen-graacher', '2019', 95, 'verified', 'https://www.librije.com/eten/wijnkaart/'),
  ('librije', 'donnhoff-hermannshole', '2021', 230, 'verified', 'https://www.librije.com/eten/wijnkaart/'),
  ('librije', 'keller-vonderfels', '2019', 80, 'verified', 'https://www.librije.com/eten/wijnkaart/'),
  ('librije', 'trimbach-clossthune', '2016', 425, 'verified', 'https://www.librije.com/eten/wijnkaart/'),
  ('librije', 'dagueneau-silex', '2020', 300, 'verified', 'https://www.librije.com/eten/wijnkaart/'),
  ('librije', 'dauvissat-lesclos', '2019', 300, 'verified', 'https://www.librije.com/eten/wijnkaart/'),
  ('librije', 'leflaive-maconverze', '2021', 120, 'verified', 'https://www.librije.com/eten/wijnkaart/'),
  ('librije', 'yquem', '2005', 900, 'verified', 'https://www.librije.com/eten/wijnkaart/'),
  ('librije', 'roumier-chambollemusigny', '2018', 300, 'verified', 'https://www.librije.com/eten/wijnkaart/'),
  ('librije', 'mouton-rothschild', '2011', 785, 'verified', 'https://www.librije.com/eten/wijnkaart/'),
  ('librije', 'lafite-rothschild', '2010', 2000, 'verified', 'https://www.librije.com/eten/wijnkaart/'),
  ('librije', 'palmer-alterego', '2019', 650, 'verified', 'https://www.librije.com/eten/wijnkaart/'),
  ('librije', 'petrus', '2006', 6250, 'verified', 'https://www.librije.com/eten/wijnkaart/'),
  ('librije', 'guigal-ampuis', '2019', 290, 'verified', 'https://www.librije.com/eten/wijnkaart/'),
  ('librije', 'mascarello-monprivato', '2018', 475, 'verified', 'https://www.librije.com/eten/wijnkaart/'),
  ('librije', 'sassicaia', '2019', 625, 'verified', 'https://www.librije.com/eten/wijnkaart/'),
  ('librije', 'vega-sicilia-unico', '2013', 975, 'verified', 'https://www.librije.com/eten/wijnkaart/'),
  ('librije', 'sadie-columella', '2016', 225, 'verified', 'https://www.librije.com/eten/wijnkaart/'),
  ('librije', 'penfolds-grange', '2014', 950, 'verified', 'https://www.librije.com/eten/wijnkaart/'),
  ('librije', 'phelps-insignia', '2014', 380, 'verified', 'https://www.librije.com/eten/wijnkaart/'),
  ('zarzo', 'roederer-cristal', '2009', 290, 'verified', 'https://zarzo.nl/wijnen/'),
  ('zarzo', 'krug-gc', 'NV ''Edt.163''', 650, 'verified', 'https://zarzo.nl/wijnen/'),
  ('zarzo', 'dom-perignon', '2006', 260, 'verified', 'https://zarzo.nl/wijnen/'),
  ('zarzo', 'selosse-vo', 'NV ''Grand Cru''', 300, 'verified', 'https://zarzo.nl/wijnen/'),
  ('zarzo', 'peters-chetillons', '2010', 190, 'verified', 'https://zarzo.nl/wijnen/'),
  ('zarzo', 'cotat-montsdamnes', '2010', 125, 'verified', 'https://zarzo.nl/wijnen/'),
  ('zarzo', 'lemoine-montrachet', '2007', 750, 'verified', 'https://zarzo.nl/wijnen/'),
  ('zarzo', 'hautbrion-blanc', '2008', 875, 'verified', 'https://zarzo.nl/wijnen/'),
  ('zarzo', 'ostertag-muenchberg', '2016', 95, 'verified', 'https://zarzo.nl/wijnen/'),
  ('zarzo', 'ogier-condrieu', '2014', 80, 'verified', 'https://zarzo.nl/wijnen/'),
  ('zarzo', 'attis-ancestros', '2008', 90, 'verified', 'https://zarzo.nl/wijnen/'),
  ('zarzo', 'abbatucci-ministre', '2015', 140, 'verified', 'https://zarzo.nl/wijnen/'),
  ('zarzo', 'stephan-coterotie', '2007', 110, 'verified', 'https://zarzo.nl/wijnen/'),
  ('zarzo', 'rinaldi-barbera', '2013', 115, 'verified', 'https://zarzo.nl/wijnen/'),
  ('zarzo', 'cantemerle', '2013', 72, 'verified', 'https://zarzo.nl/wijnen/'),
  ('zarzo', 'pallus-rougerie', '2014', 145, 'verified', 'https://zarzo.nl/wijnen/'),
  ('zarzo', 'ligerbelair-moulinavent', '2012', 58, 'verified', 'https://zarzo.nl/wijnen/'),
  ('zarzo', 'brumont-montus', '2009', 55, 'verified', 'https://zarzo.nl/wijnen/'),
  ('zarzo', 'valentini-cerasuolo', '2016', 150, 'verified', 'https://zarzo.nl/wijnen/'),
  ('zarzo', 'zindhumbrecht-rangen', '1994', 150, 'verified', 'https://zarzo.nl/wijnen/'),
  ('zarzo', 'fonseca-vintage', '1994', 375, 'verified', 'https://zarzo.nl/wijnen/'),
  ('zoldering', 'bomdia-tawny', 'NV', 40, 'verified', 'https://zoekwijn.nl/amsterdam/zoldering-0GMIL'),
  ('zoldering', 'baron-moscatel', 'NV', 40, 'verified', 'https://zoekwijn.nl/amsterdam/zoldering-0GMIL'),
  ('zoldering', 'terrasdosado-moscatel', 'NV', 40, 'verified', 'https://zoekwijn.nl/amsterdam/zoldering-0GMIL'),
  ('zoldering', 'desmenhirs-pommeau', 'NV', 50, 'verified', 'https://zoekwijn.nl/amsterdam/zoldering-0GMIL'),
  ('zoldering', 'bernardins-muscat', '2020', 55, 'verified', 'https://zoekwijn.nl/amsterdam/zoldering-0GMIL'),
  ('zoldering', 'keller-limestone', '2020', 45, 'verified', 'https://zoekwijn.nl/amsterdam/zoldering-0GMIL'),
  ('zoldering', 'grandemaison-monbazillac', '2000', 65, 'verified', 'https://zoekwijn.nl/amsterdam/zoldering-0GMIL'),
  ('zoldering', 'closuroulat-jurancon', '2015', 120, 'verified', 'https://zoekwijn.nl/amsterdam/zoldering-0GMIL'),
  ('zoldering', 'belliviere-jasnieres', '2003', 65, 'verified', 'https://zoekwijn.nl/amsterdam/zoldering-0GMIL'),
  ('zoldering', 'yquem-jeroboam', '2013', 1800, 'verified', 'https://zoekwijn.nl/amsterdam/zoldering-0GMIL'),
  ('zoldering', 'suduiraut-blancsec', '2019', 48, 'approx', 'https://zoekwijn.nl/amsterdam/zoldering-0GMIL'),
  ('zoldering', 'chidaine-montlouis', '2019', 65, 'approx', 'https://zoekwijn.nl/amsterdam/zoldering-0GMIL'),
  ('zoldering', 'zarate-albarino', '2021', 55, 'approx', 'https://zoekwijn.nl/amsterdam/zoldering-0GMIL'),
  ('zoldering', 'remelluri-blanco', '2020', 65, 'approx', 'https://zoekwijn.nl/amsterdam/zoldering-0GMIL'),
  ('zoldering', 'schaferfrohlich-felsenberg', '2011', 95, 'approx', 'https://zoekwijn.nl/amsterdam/zoldering-0GMIL'),
  ('zoldering', 'karel-meursault', '2020', 110, 'approx', 'https://zoekwijn.nl/amsterdam/zoldering-0GMIL'),
  ('zoldering', 'sociandomallet', '2013', 70, 'approx', 'https://zoekwijn.nl/amsterdam/zoldering-0GMIL'),
  ('zoldering', 'fontodi-filetta', '2020', 65, 'approx', 'https://zoekwijn.nl/amsterdam/zoldering-0GMIL');

-- Check: aantallen moeten overeenkomen met de artifact
-- select count(*) from restaurants;        -- verwacht: 3
-- select count(*) from wines;               -- verwacht: 59
-- select count(*) from restaurant_wines;    -- verwacht: 64